# title	range	note
卷首與三門總說	T41n1821_p0034b02-p0034b10	交代十八界二十二門分別及本段範圍。
有見無見門	T41n1821_p0034b11-p0034c07	注意有見之三說及論主取示現義。
三有對與四句分別	T41n1821_p0034c08-p0035c14	釐清障礙、境界、所緣三種有對及經部異說。
三性總論與八界	T41n1821_p0035c15-p0036a22	說明善、不善、無記三性及五根等八界判攝。
餘十界三性分別	T41n1821_p0036a22-p0036c27	分述七心界、法界、色界與聲界之三性。
三界繫門	T41n1821_p0036c28-p0038a16	辨欲界、色界、無色界所繫諸界，重點在鼻舌根及香味觸。
有漏無漏門	T41n1821_p0038a17-p0038a22	後三界通有漏無漏，其餘十五界唯有漏。
有尋有伺與三分別	T41n1821_p0038a23-p0039b07	辨尋伺諸地及自性、計度、隨念三種分別。
有緣無緣與執受	T41n1821_p0039b08-p0040a08	說明所緣、執受之義及九界有執受的條件。
大種所造、積集與斫燒稱	T41n1821_p0040a09-p0040c24	辨大種與所造色、積集性，以及能斫所斫等三門。
五類總說：異熟、長養、等流	T41n1821_p0040c25-p0042a02	總釋異熟生、所長養、等流、剎那、實事五類。
聲界非異熟與五類餘釋	T41n1821_p0042a03-p0044a01	詳辨聲界傳生諸說，並完成五類對十八界的判攝。
得、成就及捨、不成	T41n1821_p0044a02-p0045c03	區分得與成就、捨與不成，兼辨眼識及二通之成就。
內外門	T41n1821_p0045c04-p0046a12	依心之所依與所緣，建立內十二界及外六境。
同分與彼同分	T41n1821_p0046a13-p0047c12	辨作自業與不作自業，並說根、境、識之同分差別。
三斷門	T41n1821_p0047c13-p0048c02	分別見所斷、修所斷、非所斷，兼破異生性等見斷說。
見與非見門	T41n1821_p0048c03-p0050c09	辨眼根及法界八種慧為見，並詳論眼見與識見諍。
傍論：兩眼、根境離合與極微相觸	T41n1821_p0050c10-p0053a08	討論兩眼俱見、六根取境遠近及極微相觸諸說。
傍論：根境量形與六識依世	T41n1821_p0053a09-p0054b11	辨三根等量、諸根形狀、同分及六識所依世代。
傍論：識隨根立名、依地與總結	T41n1821_p0054b12-p0055c13	說明識隨根立名、諸界依地同異，總結所識、常無常及根非根。
